{
  "bars": [
    {
      "occurred_at_utc_ms": 1000,
      "minute_et": 570,
      "open": 100.0,
      "high": 101.0,
      "low": 89.0,
      "close": 100.0,
      "volume": 100,
      "vwap": 90.0
    },
    {
      "occurred_at_utc_ms": 61000,
      "minute_et": 571,
      "open": 100.0,
      "high": 112.0,
      "low": 99.0,
      "close": 100.0,
      "volume": 300,
      "vwap": 110.0
    }
  ],
  "daily_closes": [
    100.0, 110.0, 100.0, 110.0, 100.0, 110.0, 100.0, 110.0, 100.0, 110.0,
    100.0, 110.0, 100.0, 110.0, 100.0, 110.0, 100.0, 110.0, 100.0, 110.0,
    100.0, 110.0, 100.0, 110.0, 100.0, 110.0, 100.0, 110.0, 100.0, 110.0,
    100.0, 110.0, 100.0, 110.0, 100.0, 110.0, 100.0, 110.0, 100.0, 110.0,
    100.0, 110.0, 100.0, 110.0, 100.0, 110.0, 100.0, 110.0, 100.0, 110.0,
    100.0, 110.0, 100.0, 110.0, 100.0, 110.0, 100.0, 110.0, 100.0, 110.0,
    100.0
  ],
  "expected": {
    "session_vwap": 105.0,
    "opening_range_high": 112.0,
    "opening_range_low": 89.0,
    "hv20": 1.552307502883115,
    "hv60": 1.5257703764634467
  }
}
